<BackupInst xmlns="http://www.microsoft.com/GroupPolicy/GPOOperations/Manifest"><GPOGuid><![CDATA[{FC5C84C1-7BAB-42F2-972D-19538182FEA5}]]></GPOGuid><GPODomain><![CDATA[agwvd.onmicrosoft.com]]></GPODomain><GPODomainGuid><![CDATA[{68eeb4cd-1bfb-4082-9932-1a42c329b3f2}]]></GPODomainGuid><GPODomainController><![CDATA[B70QTHX0XT8A-60.agwvd.onmicrosoft.com]]></GPODomainController><BackupTime><![CDATA[2021-02-23T17:37:48]]></BackupTime><ID><![CDATA[{82048A53-3598-4FB3-B91F-DF58DE56D821}]]></ID><Comment><![CDATA[]]></Comment><GPODisplayName><![CDATA[WVD Session Host Policy]]></GPODisplayName></BackupInst>
